[
  {
    "type": "post",
    "url": "/forgot-password",
    "title": "Forgot password",
    "name": "Forgot_password",
    "group": "Auth",
    "parameter": {
      "fields": {
        "Parameter": [
          {
            "group": "Parameter",
            "type": "String",
            "optional": false,
            "field": "email",
            "description": ""
          }
        ]
      }
    },
    "success": {
      "examples": [
        {
          "title": "Success-Response:",
          "content": "{ \"token\": \"token_goes_here\" }\nReset password token",
          "type": "json"
        }
      ]
    },
    "version": "0.0.0",
    "filename": "src/controllers/auth.controller.js",
    "groupTitle": "Auth"
  },
  {
    "type": "post",
    "url": "/login",
    "title": "Login",
    "name": "Login",
    "group": "Auth",
    "parameter": {
      "fields": {
        "Parameter": [
          {
            "group": "Parameter",
            "type": "String",
            "optional": false,
            "field": "email",
            "description": ""
          },
          {
            "group": "Parameter",
            "type": "String",
            "optional": false,
            "field": "password",
            "description": ""
          }
        ]
      }
    },
    "success": {
      "examples": [
        {
          "title": "Success-Response:",
          "content": "{ \"auth_token\": \"token_goes_here\" }\nSave this to local storage and add to each request as Authorization header",
          "type": "json"
        }
      ]
    },
    "version": "0.0.0",
    "filename": "src/controllers/auth.controller.js",
    "groupTitle": "Auth"
  },
  {
    "type": "post",
    "url": "/sign-up",
    "title": "Register",
    "name": "Register",
    "group": "Auth",
    "parameter": {
      "fields": {
        "Parameter": [
          {
            "group": "Parameter",
            "type": "String",
            "optional": false,
            "field": "email",
            "description": ""
          },
          {
            "group": "Parameter",
            "type": "String",
            "optional": false,
            "field": "user_name",
            "description": ""
          },
          {
            "group": "Parameter",
            "type": "String",
            "optional": false,
            "field": "password",
            "description": ""
          },
          {
            "group": "Parameter",
            "type": "String",
            "optional": false,
            "field": "phone_number",
            "description": ""
          },
          {
            "group": "Parameter",
            "type": "String",
            "optional": false,
            "field": "location",
            "description": ""
          }
        ]
      }
    },
    "success": {
      "examples": [
        {
          "title": "Success-Response:",
          "content": "{ \"auth_token\": \"token_goes_here\" }\nSave this to local storage and add to each request as Authorization header",
          "type": "json"
        }
      ]
    },
    "version": "0.0.0",
    "filename": "src/controllers/auth.controller.js",
    "groupTitle": "Auth"
  },
  {
    "type": "post",
    "url": "/reset-password",
    "title": "Reset password",
    "name": "Reset_password",
    "group": "Auth",
    "parameter": {
      "fields": {
        "Parameter": [
          {
            "group": "Parameter",
            "type": "String",
            "optional": false,
            "field": "token",
            "description": ""
          },
          {
            "group": "Parameter",
            "type": "String",
            "optional": false,
            "field": "password",
            "description": ""
          }
        ]
      }
    },
    "version": "0.0.0",
    "filename": "src/controllers/auth.controller.js",
    "groupTitle": "Auth"
  },
  {
    "type": "post",
    "url": "/order/application/approve",
    "title": "ApproveApplication",
    "name": "ApproveApplication",
    "group": "Order",
    "parameter": {
      "fields": {
        "Parameter": [
          {
            "group": "Parameter",
            "type": "String",
            "optional": false,
            "field": "application_id",
            "description": ""
          }
        ]
      }
    },
    "version": "0.0.0",
    "filename": "src/controllers/order/ApplicationHandler.js",
    "groupTitle": "Order"
  },
  {
    "type": "post",
    "url": "/order/application/approve",
    "title": "ApproveApplication",
    "name": "ApproveApplication",
    "group": "Order",
    "parameter": {
      "fields": {
        "Parameter": [
          {
            "group": "Parameter",
            "type": "String",
            "optional": false,
            "field": "application_id",
            "description": ""
          }
        ]
      }
    },
    "version": "0.0.0",
    "filename": "src/controllers/order/ApproveApplication.js",
    "groupTitle": "Order"
  },
  {
    "type": "get",
    "url": "/order/:id",
    "title": "View order",
    "name": "View_order",
    "group": "Order",
    "parameter": {
      "fields": {
        "Parameter": [
          {
            "group": "Parameter",
            "type": "String",
            "optional": false,
            "field": "id",
            "description": ""
          }
        ]
      }
    },
    "version": "0.0.0",
    "filename": "src/controllers/order/ViewOrder.js",
    "groupTitle": "Order"
  },
  {
    "type": "post",
    "url": "/order/post",
    "title": "Post new order",
    "name": "addNewOrder",
    "group": "Order",
    "header": {
      "fields": {
        "Header": [
          {
            "group": "Header",
            "type": "String",
            "optional": false,
            "field": "Authorization",
            "description": ""
          }
        ]
      }
    },
    "parameter": {
      "fields": {
        "Parameter": [
          {
            "group": "Parameter",
            "type": "String",
            "optional": false,
            "field": "title",
            "description": ""
          },
          {
            "group": "Parameter",
            "type": "String",
            "optional": false,
            "field": "description",
            "description": ""
          },
          {
            "group": "Parameter",
            "type": "Number",
            "optional": false,
            "field": "price_from",
            "description": ""
          },
          {
            "group": "Parameter",
            "type": "Number",
            "optional": false,
            "field": "price_to",
            "description": ""
          },
          {
            "group": "Parameter",
            "type": "Number",
            "optional": false,
            "field": "is_new",
            "description": ""
          },
          {
            "group": "Parameter",
            "type": "Number",
            "optional": false,
            "field": "vehicle_type",
            "description": ""
          },
          {
            "group": "Parameter",
            "type": "Number",
            "optional": false,
            "field": "body_type",
            "description": ""
          },
          {
            "group": "Parameter",
            "type": "Number",
            "optional": false,
            "field": "mileage",
            "description": ""
          },
          {
            "group": "Parameter",
            "type": "Number",
            "optional": false,
            "field": "engine",
            "description": ""
          },
          {
            "group": "Parameter",
            "type": "Number",
            "optional": false,
            "field": "transmittion",
            "description": ""
          },
          {
            "group": "Parameter",
            "type": "Number",
            "optional": false,
            "field": "wheel_drive",
            "description": ""
          },
          {
            "group": "Parameter",
            "type": "Number",
            "optional": false,
            "field": "color",
            "description": ""
          },
          {
            "group": "Parameter",
            "type": "String",
            "optional": false,
            "field": "model",
            "description": ""
          },
          {
            "group": "Parameter",
            "type": "Number",
            "optional": false,
            "field": "year_from",
            "description": ""
          },
          {
            "group": "Parameter",
            "type": "Number",
            "optional": false,
            "field": "year_to",
            "description": ""
          }
        ]
      }
    },
    "version": "0.0.0",
    "filename": "src/controllers/order/addNewOrder.js",
    "groupTitle": "Order"
  },
  {
    "type": "post",
    "url": "/order/application/decline",
    "title": "declineApplication",
    "name": "declineApplication",
    "group": "Order",
    "parameter": {
      "fields": {
        "Parameter": [
          {
            "group": "Parameter",
            "type": "String",
            "optional": false,
            "field": "application_id",
            "description": ""
          }
        ]
      }
    },
    "version": "0.0.0",
    "filename": "src/controllers/order/DeclineApplication.js",
    "groupTitle": "Order"
  },
  {
    "type": "post",
    "url": "/order/application",
    "title": "makeOrderApplication",
    "name": "makeOrderApplication",
    "group": "Order",
    "parameter": {
      "fields": {
        "Parameter": [
          {
            "group": "Parameter",
            "type": "String",
            "optional": false,
            "field": "id",
            "description": "<p>order id</p>"
          },
          {
            "group": "Parameter",
            "type": "String",
            "optional": false,
            "field": "message",
            "description": ""
          },
          {
            "group": "Parameter",
            "type": "Number",
            "optional": false,
            "field": "price",
            "description": ""
          },
          {
            "group": "Parameter",
            "type": "Date",
            "optional": false,
            "field": "date_complete_to",
            "description": ""
          }
        ]
      }
    },
    "version": "0.0.0",
    "filename": "src/controllers/order/MakeOrderApplication.js",
    "groupTitle": "Order"
  },
  {
    "type": "put",
    "url": "/order/complete",
    "title": "makeOrderDone",
    "name": "makeOrderDone",
    "group": "Order",
    "parameter": {
      "fields": {
        "Parameter": [
          {
            "group": "Parameter",
            "type": "String",
            "optional": false,
            "field": "order_id",
            "description": ""
          }
        ]
      }
    },
    "version": "0.0.0",
    "filename": "src/controllers/order/MakeOrderDone.js",
    "groupTitle": "Order"
  },
  {
    "type": "get",
    "url": "/order/applications/:id",
    "title": "viewOrderApplications",
    "name": "viewOrderApplications",
    "group": "Order",
    "parameter": {
      "fields": {
        "Parameter": [
          {
            "group": "Parameter",
            "type": "String",
            "optional": false,
            "field": "id",
            "description": ""
          }
        ]
      }
    },
    "description": "<p>additional queries ?page=1&amp;limit=20 Where page is curr page and limit is items per page</p>",
    "version": "0.0.0",
    "filename": "src/controllers/order/ViewOrderApplications.js",
    "groupTitle": "Order"
  },
  {
    "type": "post",
    "url": "/product/add",
    "title": "addProductToOwnList",
    "description": "<p>Add foreigh product to own list</p>",
    "name": "addProductToOwnList",
    "group": "Product",
    "header": {
      "fields": {
        "Header": [
          {
            "group": "Header",
            "type": "String",
            "optional": false,
            "field": "Authorization",
            "description": ""
          }
        ]
      }
    },
    "parameter": {
      "fields": {
        "Parameter": [
          {
            "group": "Parameter",
            "type": "String",
            "optional": false,
            "field": "product_id",
            "description": "<p>id of product</p>"
          }
        ]
      }
    },
    "version": "0.0.0",
    "filename": "src/controllers/vehicle/addProductToOwnList.js",
    "groupTitle": "Product"
  },
  {
    "type": "post",
    "url": "/product/approve",
    "title": "approveBuyRequst",
    "description": "<p>When someone wants to buy your product</p>",
    "name": "approveBuyRequst",
    "group": "Product",
    "header": {
      "fields": {
        "Header": [
          {
            "group": "Header",
            "type": "String",
            "optional": false,
            "field": "Authorization",
            "description": ""
          }
        ]
      }
    },
    "parameter": {
      "fields": {
        "Parameter": [
          {
            "group": "Parameter",
            "type": "String",
            "optional": false,
            "field": "product_id",
            "description": "<p>id of product</p>"
          },
          {
            "group": "Parameter",
            "type": "String",
            "optional": false,
            "field": "request_id",
            "description": "<p>id of request</p>"
          }
        ]
      }
    },
    "version": "0.0.0",
    "filename": "src/controllers/vehicle/approveBuyRequest.js",
    "groupTitle": "Product"
  },
  {
    "type": "post",
    "url": "/product/buy",
    "title": "buyAuto",
    "name": "buyAuto",
    "group": "Product",
    "header": {
      "fields": {
        "Header": [
          {
            "group": "Header",
            "type": "String",
            "optional": false,
            "field": "Authorization",
            "description": ""
          }
        ]
      }
    },
    "parameter": {
      "fields": {
        "Parameter": [
          {
            "group": "Parameter",
            "type": "String",
            "optional": false,
            "field": "product_id",
            "description": "<p>id of product</p>"
          },
          {
            "group": "Parameter",
            "type": "String",
            "optional": false,
            "field": "comment",
            "description": "<p>id of product</p>"
          },
          {
            "group": "Parameter",
            "type": "Number",
            "optional": false,
            "field": "price",
            "description": "<p>price you want buy for</p>"
          }
        ]
      }
    },
    "version": "0.0.0",
    "filename": "src/controllers/vehicle/buyAuto.js",
    "groupTitle": "Product"
  },
  {
    "type": "post",
    "url": "/product/decline",
    "title": "declineBuyRequst",
    "description": "<p>When someone wants to buy your product. You can even decline it when its already accepted</p>",
    "name": "declineBuyRequst",
    "group": "Product",
    "header": {
      "fields": {
        "Header": [
          {
            "group": "Header",
            "type": "String",
            "optional": false,
            "field": "Authorization",
            "description": ""
          }
        ]
      }
    },
    "parameter": {
      "fields": {
        "Parameter": [
          {
            "group": "Parameter",
            "type": "String",
            "optional": false,
            "field": "product_id",
            "description": "<p>id of product</p>"
          },
          {
            "group": "Parameter",
            "type": "String",
            "optional": false,
            "field": "request_id",
            "description": "<p>id of request</p>"
          }
        ]
      }
    },
    "version": "0.0.0",
    "filename": "src/controllers/vehicle/declineBuyRequest.js",
    "groupTitle": "Product"
  },
  {
    "type": "get",
    "url": "/products/:id",
    "title": "getProductDetails",
    "name": "getProductDetails",
    "group": "Product",
    "parameter": {
      "fields": {
        "Parameter": [
          {
            "group": "Parameter",
            "type": "String",
            "optional": false,
            "field": "id",
            "description": "<p>id of product</p>"
          }
        ]
      }
    },
    "version": "0.0.0",
    "filename": "src/controllers/vehicle.contoller.js",
    "groupTitle": "Product"
  },
  {
    "type": "get",
    "url": "/products",
    "title": "getProducts",
    "name": "getProducts",
    "group": "Product",
    "parameter": {
      "fields": {
        "Parameter": [
          {
            "group": "Parameter",
            "type": "Number",
            "optional": false,
            "field": "price_from",
            "description": ""
          },
          {
            "group": "Parameter",
            "type": "Number",
            "optional": false,
            "field": "price_to",
            "description": ""
          },
          {
            "group": "Parameter",
            "type": "Number",
            "optional": false,
            "field": "is_new",
            "description": "<p>0 or 1</p>"
          },
          {
            "group": "Parameter",
            "type": "Number",
            "optional": false,
            "field": "vehicle_type",
            "description": ""
          },
          {
            "group": "Parameter",
            "type": "Number",
            "optional": false,
            "field": "available_for_promote",
            "description": "<p>0 or 1</p>"
          },
          {
            "group": "Parameter",
            "type": "Number",
            "optional": false,
            "field": "is_sold",
            "description": "<p>0 or 1</p>"
          },
          {
            "group": "Parameter",
            "type": "Number",
            "optional": false,
            "field": "body_type",
            "description": ""
          },
          {
            "group": "Parameter",
            "type": "Number",
            "optional": false,
            "field": "mileage",
            "description": ""
          },
          {
            "group": "Parameter",
            "type": "Number",
            "optional": false,
            "field": "engine",
            "description": ""
          },
          {
            "group": "Parameter",
            "type": "Number",
            "optional": false,
            "field": "transmittion",
            "description": ""
          },
          {
            "group": "Parameter",
            "type": "Number",
            "optional": false,
            "field": "wheel_drive",
            "description": ""
          },
          {
            "group": "Parameter",
            "type": "Number",
            "optional": false,
            "field": "color",
            "description": ""
          },
          {
            "group": "Parameter",
            "type": "String",
            "optional": false,
            "field": "sort",
            "description": "<p>default='created_at'</p>"
          },
          {
            "group": "Parameter",
            "type": "Number",
            "optional": false,
            "field": "order",
            "description": "<p>1 or -1. Default is -1 (From greater to less)</p>"
          },
          {
            "group": "Parameter",
            "type": "Number",
            "optional": false,
            "field": "page",
            "description": "<p>default is 1</p>"
          },
          {
            "group": "Parameter",
            "type": "Number",
            "optional": false,
            "field": "limit",
            "description": "<p>default is 20. Products per page</p>"
          }
        ]
      }
    },
    "version": "0.0.0",
    "filename": "src/controllers/vehicle/getProducts.js",
    "groupTitle": "Product"
  },
  {
    "type": "post",
    "url": "/product/post",
    "title": "postProduct",
    "name": "postProduct",
    "group": "Product",
    "header": {
      "fields": {
        "Header": [
          {
            "group": "Header",
            "type": "String",
            "optional": false,
            "field": "Authorization",
            "description": "<p>token</p>"
          }
        ]
      }
    },
    "parameter": {
      "fields": {
        "Parameter": [
          {
            "group": "Parameter",
            "type": "String",
            "optional": false,
            "field": "id",
            "description": "<p>user owner id</p>"
          },
          {
            "group": "Parameter",
            "type": "String",
            "optional": false,
            "field": "description",
            "description": ""
          },
          {
            "group": "Parameter",
            "type": "Number",
            "optional": false,
            "field": "price",
            "description": ""
          },
          {
            "group": "Parameter",
            "type": "Number",
            "optional": false,
            "field": "is_new",
            "description": "<p>0 or 1</p>"
          },
          {
            "group": "Parameter",
            "type": "Number",
            "optional": false,
            "field": "vehicle_type",
            "description": ""
          },
          {
            "group": "Parameter",
            "type": "Number",
            "optional": false,
            "field": "available_for_promote",
            "description": "<p>0 or 1</p>"
          },
          {
            "group": "Parameter",
            "type": "Number",
            "optional": false,
            "field": "promote_compensation_type",
            "description": ""
          },
          {
            "group": "Parameter",
            "type": "Number",
            "optional": false,
            "field": "body_type",
            "description": ""
          },
          {
            "group": "Parameter",
            "type": "Number",
            "optional": false,
            "field": "mileage",
            "description": ""
          },
          {
            "group": "Parameter",
            "type": "Number",
            "optional": false,
            "field": "engine",
            "description": ""
          },
          {
            "group": "Parameter",
            "type": "Number",
            "optional": false,
            "field": "transmittion",
            "description": ""
          },
          {
            "group": "Parameter",
            "type": "Number",
            "optional": false,
            "field": "wheel_drive",
            "description": ""
          },
          {
            "group": "Parameter",
            "type": "Number",
            "optional": false,
            "field": "color",
            "description": ""
          },
          {
            "group": "Parameter",
            "type": "Array",
            "optional": false,
            "field": "Images",
            "description": ""
          }
        ]
      }
    },
    "version": "0.0.0",
    "filename": "src/controllers/vehicle.contoller.js",
    "groupTitle": "Product"
  },
  {
    "type": "delete",
    "url": "/product/:id",
    "title": "removeProductToOwnList",
    "description": "<p>Delete product from own list. If owner of product call this api, the product will be removed totally!</p>",
    "name": "removeProductToOwnList",
    "group": "Product",
    "header": {
      "fields": {
        "Header": [
          {
            "group": "Header",
            "type": "String",
            "optional": false,
            "field": "Authorization",
            "description": ""
          }
        ]
      }
    },
    "parameter": {
      "fields": {
        "Parameter": [
          {
            "group": "Parameter",
            "type": "id",
            "optional": false,
            "field": "product_id",
            "description": "<p>id of product</p>"
          }
        ]
      }
    },
    "version": "0.0.0",
    "filename": "src/controllers/vehicle/removeProductFromOwnList.js",
    "groupTitle": "Product"
  },
  {
    "type": "post",
    "url": "/user/rate",
    "title": "RateUser",
    "name": "RateUser",
    "group": "User",
    "header": {
      "fields": {
        "Header": [
          {
            "group": "Header",
            "type": "String",
            "optional": false,
            "field": "Authorization",
            "description": ""
          }
        ]
      }
    },
    "parameter": {
      "fields": {
        "Parameter": [
          {
            "group": "Parameter",
            "type": "Number",
            "optional": false,
            "field": "rate",
            "description": "<p>1-5</p>"
          }
        ]
      }
    },
    "version": "0.0.0",
    "filename": "src/controllers/user/RateUser.js",
    "groupTitle": "User"
  },
  {
    "type": "get",
    "url": "/user/my-profile",
    "title": "ViewOwnProfile",
    "name": "ViewOwnProfile",
    "group": "User",
    "header": {
      "fields": {
        "Header": [
          {
            "group": "Header",
            "type": "String",
            "optional": false,
            "field": "Authorization",
            "description": ""
          }
        ]
      }
    },
    "version": "0.0.0",
    "filename": "src/controllers/user/ViewOwnProfile.js",
    "groupTitle": "User"
  },
  {
    "type": "get",
    "url": "/user/:id",
    "title": "ViewUserInfo",
    "name": "ViewUserInfo",
    "group": "User",
    "parameter": {
      "fields": {
        "Parameter": [
          {
            "group": "Parameter",
            "type": "id",
            "optional": false,
            "field": "user_id",
            "description": ""
          }
        ]
      }
    },
    "version": "0.0.0",
    "filename": "src/controllers/user/ViewUserInfo.js",
    "groupTitle": "User"
  },
  {
    "type": "get",
    "url": "/user/products/own",
    "title": "ViewUserOwnProducts",
    "name": "ViewUserOwnProducts",
    "group": "User",
    "description": "<p>Api only for private user profile view</p>",
    "header": {
      "fields": {
        "Header": [
          {
            "group": "Header",
            "type": "String",
            "optional": false,
            "field": "Authorization",
            "description": ""
          }
        ]
      }
    },
    "version": "0.0.0",
    "filename": "src/controllers/user/ViewUserOwnProducts.js",
    "groupTitle": "User"
  },
  {
    "type": "get",
    "url": "/user/products/:id",
    "title": "ViewUserProducts",
    "name": "ViewUserProducts",
    "group": "User",
    "parameter": {
      "fields": {
        "Parameter": [
          {
            "group": "Parameter",
            "type": "id",
            "optional": false,
            "field": "user_id",
            "description": ""
          }
        ]
      }
    },
    "version": "0.0.0",
    "filename": "src/controllers/user/ViewUserProducts.js",
    "groupTitle": "User"
  },
  {
    "type": "get",
    "url": "/user/products/shared",
    "title": "ViewUserSharedProducts",
    "name": "ViewUserSharedProducts",
    "group": "User",
    "description": "<p>Api only for private user profile view</p>",
    "header": {
      "fields": {
        "Header": [
          {
            "group": "Header",
            "type": "String",
            "optional": false,
            "field": "Authorization",
            "description": ""
          }
        ]
      }
    },
    "version": "0.0.0",
    "filename": "src/controllers/user/ViewUserSharedProducts.js",
    "groupTitle": "User"
  },
  {
    "type": "put",
    "url": "/user/update",
    "title": "updateUserInfo",
    "name": "updateUserInfo",
    "group": "User",
    "header": {
      "fields": {
        "Header": [
          {
            "group": "Header",
            "type": "String",
            "optional": false,
            "field": "Authorization",
            "description": ""
          }
        ]
      }
    },
    "parameter": {
      "fields": {
        "Parameter": [
          {
            "group": "Parameter",
            "type": "String",
            "optional": false,
            "field": "user_name",
            "description": ""
          },
          {
            "group": "Parameter",
            "type": "String",
            "optional": false,
            "field": "password",
            "description": ""
          },
          {
            "group": "Parameter",
            "type": "String",
            "optional": false,
            "field": "phone_number",
            "description": ""
          },
          {
            "group": "Parameter",
            "type": "String",
            "optional": false,
            "field": "location",
            "description": ""
          }
        ]
      }
    },
    "version": "0.0.0",
    "filename": "src/controllers/user/UserUpdateDetails.js",
    "groupTitle": "User"
  }
]
